id,empresa_id,nome,sobrenome,email,telefone,cargo,data_nascimento,data_criacao
00000000-0000-0000-0000-000000000001,00000000-0000-0000-0000-000000000068,Gustavo Santos,Daniela Lima,user00001@example.com,telefone_193382807,cargo_1964212176,2001-10-18,2024-03-23T12:00:00
00000000-0000-0000-0000-000000000002,00000000-0000-0000-0000-000000000017,Carlos Oliveira,Daniela Almeida,user00002@example.com,telefone_4216701531,cargo_2047181166,1973-08-22,2024-07-03T12:00:00
00000000-0000-0000-0000-000000000003,00000000-0000-0000-0000-000000000054,Fernanda Souza,Carlos Silva,user00003@example.com,telefone_466806255,cargo_913536212,1971-10-05,2024-09-03T12:00:00
00000000-0000-0000-0000-000000000004,00000000-0000-0000-0000-0000000000c7,Fernanda Ribeiro,Fernanda Silva,user00004@example.com,telefone_2336060235,cargo_79235881,1995-06-30,2024-06-09T12:00:00
00000000-0000-0000-0000-000000000005,00000000-0000-0000-0000-00000000007b,Eduardo Souza,Eduardo Oliveira,user00005@example.com,telefone_618634828,cargo_2242450617,2005-11-30,2024-06-10T12:00:00
00000000-0000-0000-0000-000000000006,00000000-0000-0000-0000-000000000056,Fernanda Silva,Carlos Costa,user00006@example.com,telefone_3213091174,cargo_1293601863,1994-09-04,2024-01-26T12:00:00
00000000-0000-0000-0000-000000000007,00000000-0000-0000-0000-000000000069,Ana Silva,Gustavo Oliveira,user00007@example.com,telefone_1140711185,cargo_3421115346,2000-06-10,2024-05-02T12:00:00
00000000-0000-0000-0000-000000000008,00000000-0000-0000-0000-0000000000a6,Eduardo Santos,Helena Ribeiro,user00008@example.com,telefone_764687941,cargo_3426450645,2003-11-18,2024-05-30T12:00:00
00000000-0000-0000-0000-000000000009,00000000-0000-0000-0000-000000000057,Carlos Lima,Bruno Lima,user00009@example.com,telefone_3664021232,cargo_2808609063,1999-10-07,2024-06-14T12:00:00
00000000-0000-0000-0000-00000000000a,00000000-0000-0000-0000-000000000045,Eduardo Souza,Carlos Santos,user00010@example.com,telefone_3509592129,cargo_563961856,1999-06-07,2024-09-18T12:00:00
00000000-0000-0000-0000-00000000000b,00000000-0000-0000-0000-000000000039,Eduardo Santos,Bruno Souza,user00011@example.com,telefone_2247463729,cargo_3318219449,1989-04-06,2024-04-30T12:00:00
00000000-0000-0000-0000-00000000000c,00000000-0000-0000-0000-0000000000b1,Carlos Costa,,user00012@example.com,telefone_3784327165,cargo_1512413650,1998-04-02,2024-05-11T12:00:00
00000000-0000-0000-0000-00000000000d,00000000-0000-0000-0000-000000000008,Carlos Silva,Helena Santos,user00013@example.com,telefone_3281921058,cargo_2691637273,1990-05-26,2024-03-25T12:00:00
00000000-0000-0000-0000-00000000000e,00000000-0000-0000-0000-0000000000af,Bruno Santos,Fernanda Souza,user00014@example.com,telefone_556376168,,2002-10-19,2024-04-03T12:00:00
00000000-0000-0000-0000-00000000000f,00000000-0000-0000-0000-000000000045,Carlos Santos,Daniela Souza,user00015@example.com,telefone_3525395028,,2003-12-22,2024-06-30T12:00:00
00000000-0000-0000-0000-000000000010,00000000-0000-0000-0000-00000000002e,Ana Silva,Bruno Almeida,user00016@example.com,telefone_537362351,cargo_2459768672,1985-01-09,2024-08-13T12:00:00
00000000-0000-0000-0000-000000000011,00000000-0000-0000-0000-00000000005d,Carlos Souza,Bruno Santos,user00017@example.com,telefone_1982226999,cargo_844354474,1993-05-29,2024-07-11T12:00:00
00000000-0000-0000-0000-000000000012,00000000-0000-0000-0000-00000000006c,Daniela Silva,Carlos Souza,user00018@example.com,telefone_858603555,cargo_2023137873,1974-07-06,2024-09-15T12:00:00
00000000-0000-0000-0000-000000000013,00000000-0000-0000-0000-000000000052,Carlos Almeida,,user00019@example.com,telefone_3447698238,cargo_96977517,1972-11-24,2024-12-04T12:00:00
00000000-0000-0000-0000-000000000014,00000000-0000-0000-0000-000000000090,Carlos Souza,Bruno Lima,user00020@example.com,,cargo_1040125605,2005-08-12,2024-12-19T12:00:00
00000000-0000-0000-0000-000000000015,00000000-0000-0000-0000-00000000005e,Daniela Santos,Helena Souza,user00021@example.com,telefone_1184432475,cargo_1846516787,2000-01-19,2024-09-26T12:00:00
00000000-0000-0000-0000-000000000016,00000000-0000-0000-0000-000000000084,Carlos Oliveira,Gustavo Lima,user00022@example.com,telefone_2754721647,cargo_408615314,1983-07-22,2024-06-08T12:00:00
00000000-0000-0000-0000-000000000017,00000000-0000-0000-0000-000000000093,Helena Costa,Eduardo Souza,user00023@example.com,telefone_962057311,cargo_2287616209,2001-05-18,2024-01-30T12:00:00
00000000-0000-0000-0000-000000000018,00000000-0000-0000-0000-000000000081,Gustavo Oliveira,Fernanda Lima,user00024@example.com,telefone_577726127,cargo_3646713431,1996-01-04,2024-12-27T12:00:00
00000000-0000-0000-0000-000000000019,00000000-0000-0000-0000-00000000001b,Gustavo Silva,Ana Ribeiro,user00025@example.com,telefone_1067258617,cargo_3376638414,1979-01-26,2024-02-03T12:00:00
00000000-0000-0000-0000-00000000001a,00000000-0000-0000-0000-00000000006a,Carlos Ribeiro,Eduardo Costa,user00026@example.com,telefone_2413993487,cargo_2805258586,1974-11-25,2024-12-26T12:00:00
00000000-0000-0000-0000-00000000001b,00000000-0000-0000-0000-000000000029,Ana Almeida,,user00027@example.com,telefone_257675,cargo_736878593,1983-10-11,2024-06-14T12:00:00
00000000-0000-0000-0000-00000000001c,00000000-0000-0000-0000-000000000067,Fernanda Silva,Helena Lima,user00028@example.com,telefone_3518460450,cargo_96252393,1986-05-03,2024-06-01T12:00:00
00000000-0000-0000-0000-00000000001d,00000000-0000-0000-0000-000000000097,Daniela Costa,Fernanda Costa,user00029@example.com,telefone_2442113157,cargo_3663271607,1973-11-08,2024-09-09T12:00:00
00000000-0000-0000-0000-00000000001e,00000000-0000-0000-0000-00000000002f,Gustavo Oliveira,Fernanda Lima,user00030@example.com,telefone_2590177372,cargo_752857675,1998-04-11,2024-02-01T12:00:00
00000000-0000-0000-0000-00000000001f,00000000-0000-0000-0000-000000000098,Helena Souza,Eduardo Ribeiro,user00031@example.com,telefone_3347544483,,1978-03-01,2024-01-06T12:00:00
00000000-0000-0000-0000-000000000020,00000000-0000-0000-0000-0000000000b3,Ana Ribeiro,Eduardo Almeida,user00032@example.com,,cargo_1416032181,1987-11-09,2024-01-18T12:00:00
00000000-0000-0000-0000-000000000021,00000000-0000-0000-0000-00000000009b,Fernanda Almeida,Bruno Costa,user00033@example.com,telefone_3961898492,cargo_2030139908,1976-05-07,2024-11-30T12:00:00
00000000-0000-0000-0000-000000000022,00000000-0000-0000-0000-000000000056,Eduardo Souza,Helena Costa,user00034@example.com,,cargo_3219600661,1993-12-20,2024-01-18T12:00:00
00000000-0000-0000-0000-000000000023,00000000-0000-0000-0000-0000000000a4,Eduardo Silva,Ana Oliveira,user00035@example.com,,cargo_921435932,1994-09-19,2024-06-26T12:00:00
00000000-0000-0000-0000-000000000024,00000000-0000-0000-0000-0000000000b3,Gustavo Silva,Gustavo Costa,user00036@example.com,telefone_3437491643,cargo_616459082,2004-09-16,2024-08-29T12:00:00
00000000-0000-0000-0000-000000000025,00000000-0000-0000-0000-000000000060,Ana Santos,Helena Silva,user00037@example.com,telefone_2617017534,cargo_2688296911,1987-02-24,2024-09-18T12:00:00
00000000-0000-0000-0000-000000000026,00000000-0000-0000-0000-00000000006d,Bruno Almeida,Fernanda Souza,user00038@example.com,telefone_2934989457,,1989-05-01,2024-05-29T12:00:00
00000000-0000-0000-0000-000000000027,00000000-0000-0000-0000-00000000000d,Fernanda Santos,,user00039@example.com,telefone_1546652017,cargo_1599462418,1987-05-01,2024-05-31T12:00:00
00000000-0000-0000-0000-000000000028,00000000-0000-0000-0000-000000000036,Ana Souza,Helena Souza,user00040@example.com,,cargo_713558813,2000-11-14,2024-12-13T12:00:00
00000000-0000-0000-0000-000000000029,00000000-0000-0000-0000-00000000006d,Gustavo Ribeiro,Eduardo Silva,user00041@example.com,telefone_2032999626,cargo_587040185,1991-03-10,2024-10-27T12:00:00
00000000-0000-0000-0000-00000000002a,00000000-0000-0000-0000-000000000028,Gustavo Lima,Daniela Santos,user00042@example.com,telefone_3174768779,cargo_3236588796,1976-09-16,2024-08-16T12:00:00
00000000-0000-0000-0000-00000000002b,00000000-0000-0000-0000-000000000082,Fernanda Souza,Fernanda Almeida,user00043@example.com,telefone_3936246228,cargo_2929300651,1986-12-27,2024-07-25T12:00:00
00000000-0000-0000-0000-00000000002c,00000000-0000-0000-0000-0000000000b5,Gustavo Silva,Eduardo Ribeiro,user00044@example.com,telefone_1914770187,cargo_4048421426,1983-12-27,2024-10-22T12:00:00
00000000-0000-0000-0000-00000000002d,00000000-0000-0000-0000-000000000085,Ana Oliveira,Helena Oliveira,user00045@example.com,telefone_3811904173,cargo_2306771011,1985-08-31,2024-01-03T12:00:00
00000000-0000-0000-0000-00000000002e,00000000-0000-0000-0000-0000000000c4,Carlos Costa,Eduardo Lima,user00046@example.com,telefone_1129628780,cargo_4017499080,1986-02-14,2024-09-24T12:00:00
00000000-0000-0000-0000-00000000002f,00000000-0000-0000-0000-000000000062,Eduardo Almeida,Eduardo Oliveira,user00047@example.com,telefone_3425140267,cargo_753398062,1987-10-09,2024-08-28T12:00:00
00000000-0000-0000-0000-000000000030,00000000-0000-0000-0000-000000000097,Ana Santos,,user00048@example.com,telefone_3523739339,cargo_984845069,1974-11-20,2024-09-26T12:00:00
00000000-0000-0000-0000-000000000031,00000000-0000-0000-0000-000000000006,Gustavo Costa,Carlos Lima,user00049@example.com,telefone_2633130327,cargo_1839294380,1973-11-19,2024-01-20T12:00:00
00000000-0000-0000-0000-000000000032,00000000-0000-0000-0000-00000000004f,Daniela Souza,Eduardo Ribeiro,user00050@example.com,telefone_1461690274,cargo_967406248,1992-09-01,2024-06-18T12:00:00
00000000-0000-0000-0000-000000000033,00000000-0000-0000-0000-000000000014,Fernanda Costa,Fernanda Almeida,user00051@example.com,telefone_3235233110,cargo_1883654455,1971-04-01,2024-12-24T12:00:00
00000000-0000-0000-0000-000000000034,00000000-0000-0000-0000-00000000009d,Fernanda Costa,Eduardo Ribeiro,user00052@example.com,telefone_453896051,cargo_3994175163,1992-06-15,2024-01-29T12:00:00
00000000-0000-0000-0000-000000000035,00000000-0000-0000-0000-000000000002,Fernanda Oliveira,Ana Oliveira,user00053@example.com,telefone_4151826497,cargo_1914422600,2004-04-03,2024-12-22T12:00:00
00000000-0000-0000-0000-000000000036,00000000-0000-0000-0000-0000000000b1,Helena Souza,,user00054@example.com,telefone_1435172198,cargo_4036707333,1978-07-09,2024-03-29T12:00:00
00000000-0000-0000-0000-000000000037,00000000-0000-0000-0000-000000000046,Bruno Almeida,,user00055@example.com,,cargo_3103516584,1990-12-08,2024-03-10T12:00:00
00000000-0000-0000-0000-000000000038,00000000-0000-0000-0000-0000000000c4,Fernanda Lima,Gustavo Almeida,user00056@example.com,telefone_1086796739,cargo_787657706,1978-02-25,2024-01-12T12:00:00
00000000-0000-0000-0000-000000000039,00000000-0000-0000-0000-000000000003,Helena Oliveira,Bruno Oliveira,user00057@example.com,,cargo_1719002698,2002-03-19,2024-02-03T12:00:00
00000000-0000-0000-0000-00000000003a,00000000-0000-0000-0000-00000000003b,Gustavo Ribeiro,Carlos Silva,user00058@example.com,telefone_2843423621,cargo_1946206501,2000-09-15,2024-04-14T12:00:00
00000000-0000-0000-0000-00000000003b,00000000-0000-0000-0000-000000000029,Daniela Santos,Carlos Almeida,user00059@example.com,telefone_3392228757,cargo_1615811456,1987-04-07,2024-12-30T12:00:00
00000000-0000-0000-0000-00000000003c,00000000-0000-0000-0000-00000000005d,Daniela Souza,Fernanda Silva,user00060@example.com,telefone_875666084,cargo_837488975,1989-06-20,2024-10-12T12:00:00
00000000-0000-0000-0000-00000000003d,00000000-0000-0000-0000-000000000026,Fernanda Silva,Ana Lima,user00061@example.com,telefone_3867181656,cargo_2903713127,1983-02-04,2024-05-21T12:00:00
00000000-0000-0000-0000-00000000003e,00000000-0000-0000-0000-000000000028,Ana Costa,Ana Lima,user00062@example.com,telefone_2536849848,cargo_2515145969,1979-06-01,2024-08-31T12:00:00
00000000-0000-0000-0000-00000000003f,00000000-0000-0000-0000-0000000000ba,Gustavo Costa,Bruno Souza,user00063@example.com,telefone_1676713917,,1973-05-03,2024-08-29T12:00:00
00000000-0000-0000-0000-000000000040,00000000-0000-0000-0000-0000000000b8,Gustavo Costa,Fernanda Costa,user00064@example.com,telefone_943812935,cargo_1137970809,1999-08-28,2024-03-21T12:00:00
00000000-0000-0000-0000-000000000041,00000000-0000-0000-0000-000000000053,Daniela Oliveira,Daniela Lima,user00065@example.com,telefone_2794255157,cargo_3717885092,1994-08-10,2024-09-23T12:00:00
00000000-0000-0000-0000-000000000042,00000000-0000-0000-0000-00000000001c,Gustavo Oliveira,Eduardo Souza,user00066@example.com,telefone_1022519164,cargo_1715002900,2002-10-16,2024-10-24T12:00:00
00000000-0000-0000-0000-000000000043,00000000-0000-0000-0000-00000000009f,Eduardo Santos,Fernanda Almeida,user00067@example.com,telefone_1558881445,cargo_1938276536,1971-04-08,2024-01-20T12:00:00
00000000-0000-0000-0000-000000000044,00000000-0000-0000-0000-000000000004,Bruno Silva,Helena Lima,user00068@example.com,telefone_2124515535,cargo_3119928344,1988-06-09,2024-01-21T12:00:00
00000000-0000-0000-0000-000000000045,00000000-0000-0000-0000-000000000097,Fernanda Santos,Ana Ribeiro,user00069@example.com,telefone_4109323805,cargo_1768130265,1979-10-14,2024-05-20T12:00:00
00000000-0000-0000-0000-000000000046,00000000-0000-0000-0000-000000000076,Helena Ribeiro,Bruno Santos,user00070@example.com,telefone_1433249998,cargo_485181503,1977-10-18,2024-12-15T12:00:00
00000000-0000-0000-0000-000000000047,00000000-0000-0000-0000-000000000078,Gustavo Almeida,Carlos Silva,user00071@example.com,telefone_1830312647,cargo_2830099539,1974-01-16,2024-12-10T12:00:00
00000000-0000-0000-0000-000000000048,00000000-0000-0000-0000-0000000000a7,Ana Costa,Helena Souza,user00072@example.com,telefone_1790495331,cargo_1680356632,1984-12-10,2024-12-06T12:00:00
00000000-0000-0000-0000-000000000049,00000000-0000-0000-0000-00000000006f,Helena Santos,Carlos Almeida,user00073@example.com,telefone_514493926,cargo_1675280342,1980-12-30,2024-12-10T12:00:00
00000000-0000-0000-0000-00000000004a,00000000-0000-0000-0000-0000000000a4,Helena Silva,Gustavo Almeida,user00074@example.com,,cargo_2404587264,1999-07-29,2024-09-25T12:00:00
00000000-0000-0000-0000-00000000004b,00000000-0000-0000-0000-0000000000bd,Helena Costa,Helena Costa,user00075@example.com,telefone_3738718310,cargo_1862290648,1987-02-15,2024-05-15T12:00:00
00000000-0000-0000-0000-00000000004c,00000000-0000-0000-0000-00000000000e,Gustavo Lima,Bruno Silva,user00076@example.com,,cargo_3846008220,2002-03-19,2024-01-16T12:00:00
00000000-0000-0000-0000-00000000004d,00000000-0000-0000-0000-000000000009,Daniela Almeida,Bruno Souza,user00077@example.com,telefone_858441985,cargo_462643811,1976-11-15,2024-03-29T12:00:00
00000000-0000-0000-0000-00000000004e,00000000-0000-0000-0000-00000000004e,Bruno Lima,,user00078@example.com,telefone_3176133855,,1999-10-30,2024-12-15T12:00:00
00000000-0000-0000-0000-00000000004f,00000000-0000-0000-0000-0000000000c3,Gustavo Silva,Fernanda Souza,user00079@example.com,,cargo_626362941,1986-04-28,2024-04-23T12:00:00
00000000-0000-0000-0000-000000000050,00000000-0000-0000-0000-00000000003a,Carlos Costa,Carlos Souza,user00080@example.com,telefone_698634893,cargo_4255571301,1977-07-18,2024-04-29T12:00:00
00000000-0000-0000-0000-000000000051,00000000-0000-0000-0000-00000000002f,Eduardo Ribeiro,Helena Silva,user00081@example.com,telefone_1505992797,cargo_2411293778,1984-06-01,2024-09-10T12:00:00
00000000-0000-0000-0000-000000000052,00000000-0000-0000-0000-000000000004,Helena Souza,Helena Souza,user00082@example.com,telefone_4111880168,cargo_4019131703,1989-09-13,2024-02-03T12:00:00
00000000-0000-0000-0000-000000000053,00000000-0000-0000-0000-000000000009,Carlos Souza,Helena Silva,user00083@example.com,telefone_3510765823,cargo_422094064,1996-01-18,2024-06-24T12:00:00
00000000-0000-0000-0000-000000000054,00000000-0000-0000-0000-0000000000c1,Carlos Silva,Helena Souza,user00084@example.com,,cargo_3252275825,1999-06-21,2024-03-06T12:00:00
00000000-0000-0000-0000-000000000055,00000000-0000-0000-0000-0000000000ad,Eduardo Santos,Helena Almeida,user00085@example.com,telefone_1615266756,cargo_2764431928,1988-05-06,2024-02-15T12:00:00
00000000-0000-0000-0000-000000000056,00000000-0000-0000-0000-000000000046,Fernanda Almeida,,user00086@example.com,telefone_2446185840,cargo_443489499,1980-09-08,2024-07-14T12:00:00
00000000-0000-0000-0000-000000000057,00000000-0000-0000-0000-000000000097,Fernanda Ribeiro,Ana Lima,user00087@example.com,telefone_1040451450,cargo_879874294,1982-12-04,2024-12-25T12:00:00
00000000-0000-0000-0000-000000000058,00000000-0000-0000-0000-000000000024,Fernanda Lima,Bruno Almeida,user00088@example.com,telefone_616363847,cargo_451199913,1971-01-26,2024-01-18T12:00:00
00000000-0000-0000-0000-000000000059,00000000-0000-0000-0000-000000000028,Helena Lima,Gustavo Ribeiro,user00089@example.com,telefone_3871186702,cargo_133811144,1978-07-03,2024-12-29T12:00:00
00000000-0000-0000-0000-00000000005a,00000000-0000-0000-0000-0000000000a2,Gustavo Oliveira,,user00090@example.com,telefone_3987675097,cargo_3561523527,2004-04-06,2024-01-03T12:00:00
00000000-0000-0000-0000-00000000005b,00000000-0000-0000-0000-000000000020,Bruno Souza,Gustavo Almeida,user00091@example.com,telefone_1100765522,cargo_2362427580,1992-05-14,2024-10-14T12:00:00
00000000-0000-0000-0000-00000000005c,00000000-0000-0000-0000-00000000002c,Eduardo Souza,Bruno Souza,user00092@example.com,telefone_2571246492,cargo_1679243433,1980-03-30,2024-10-04T12:00:00
00000000-0000-0000-0000-00000000005d,00000000-0000-0000-0000-0000000000ac,Helena Almeida,Carlos Costa,user00093@example.com,telefone_1872241053,cargo_512903950,1987-01-21,2024-05-22T12:00:00
00000000-0000-0000-0000-00000000005e,00000000-0000-0000-0000-000000000024,Fernanda Costa,Gustavo Oliveira,user00094@example.com,telefone_4283951575,cargo_2637856709,1974-10-14,2024-07-09T12:00:00
00000000-0000-0000-0000-00000000005f,00000000-0000-0000-0000-000000000056,Gustavo Oliveira,Ana Silva,user00095@example.com,telefone_2602270448,cargo_3751711492,2004-12-03,2024-10-23T12:00:00
00000000-0000-0000-0000-000000000060,00000000-0000-0000-0000-000000000091,Daniela Oliveira,Fernanda Almeida,user00096@example.com,telefone_3007404720,cargo_2328336330,1986-07-25,2024-03-16T12:00:00
00000000-0000-0000-0000-000000000061,00000000-0000-0000-0000-00000000007c,Helena Lima,Gustavo Souza,user00097@example.com,telefone_1301176325,,1974-06-12,2024-03-10T12:00:00
00000000-0000-0000-0000-000000000062,00000000-0000-0000-0000-000000000055,Carlos Ribeiro,Daniela Ribeiro,user00098@example.com,telefone_3016017708,cargo_507390125,1999-07-19,2024-05-31T12:00:00
00000000-0000-0000-0000-000000000063,00000000-0000-0000-0000-00000000008d,Carlos Ribeiro,,user00099@example.com,telefone_4028048324,cargo_1366662563,1974-02-23,2024-12-27T12:00:00
00000000-0000-0000-0000-000000000064,00000000-0000-0000-0000-00000000005a,Gustavo Costa,Carlos Costa,user00100@example.com,telefone_1977148636,cargo_2083788398,1994-12-20,2024-06-02T12:00:00
00000000-0000-0000-0000-000000000065,00000000-0000-0000-0000-0000000000aa,Gustavo Oliveira,Carlos Lima,user00101@example.com,telefone_3587820237,cargo_1089636515,1976-07-05,2024-08-12T12:00:00
00000000-0000-0000-0000-000000000066,00000000-0000-0000-0000-0000000000ab,Gustavo Oliveira,Fernanda Santos,user00102@example.com,telefone_226904881,cargo_2988370186,1996-08-02,2024-01-05T12:00:00
00000000-0000-0000-0000-000000000067,00000000-0000-0000-0000-000000000038,Daniela Souza,Bruno Lima,user00103@example.com,telefone_3657044140,cargo_1225022601,1986-09-10,2024-11-13T12:00:00
00000000-0000-0000-0000-000000000068,00000000-0000-0000-0000-000000000084,Carlos Santos,Bruno Costa,user00104@example.com,telefone_3973669148,cargo_539093931,2005-10-24,2024-10-18T12:00:00
00000000-0000-0000-0000-000000000069,00000000-0000-0000-0000-000000000037,Helena Souza,Fernanda Silva,user00105@example.com,telefone_2807188878,cargo_1704496174,1970-06-28,2024-06-17T12:00:00
00000000-0000-0000-0000-00000000006a,00000000-0000-0000-0000-00000000007a,Bruno Ribeiro,Ana Lima,user00106@example.com,telefone_3205966981,cargo_476654688,1987-01-06,2024-08-02T12:00:00
00000000-0000-0000-0000-00000000006b,00000000-0000-0000-0000-0000000000c7,Eduardo Souza,,user00107@example.com,telefone_1929439255,cargo_3785074892,1981-12-13,2024-01-24T12:00:00
00000000-0000-0000-0000-00000000006c,00000000-0000-0000-0000-0000000000af,Fernanda Costa,Daniela Ribeiro,user00108@example.com,telefone_3901002269,,1997-03-13,2024-10-05T12:00:00
00000000-0000-0000-0000-00000000006d,00000000-0000-0000-0000-000000000088,Carlos Oliveira,,user00109@example.com,telefone_2678546813,,1983-03-13,2024-08-18T12:00:00
00000000-0000-0000-0000-00000000006e,00000000-0000-0000-0000-000000000080,Gustavo Souza,Carlos Oliveira,user00110@example.com,telefone_2494871240,cargo_62896257,2001-03-05,2024-06-07T12:00:00
00000000-0000-0000-0000-00000000006f,00000000-0000-0000-0000-000000000095,Fernanda Lima,Helena Costa,user00111@example.com,telefone_765919095,cargo_1265686684,1987-09-30,2024-02-04T12:00:00
00000000-0000-0000-0000-000000000070,00000000-0000-0000-0000-00000000007c,Fernanda Silva,Eduardo Santos,user00112@example.com,telefone_1850207905,cargo_3269214854,1997-10-19,2024-03-19T12:00:00
00000000-0000-0000-0000-000000000071,00000000-0000-0000-0000-000000000044,Eduardo Ribeiro,Eduardo Ribeiro,user00113@example.com,telefone_2225923039,cargo_300504854,1988-10-16,2024-07-18T12:00:00
00000000-0000-0000-0000-000000000072,00000000-0000-0000-0000-000000000017,Ana Lima,Helena Silva,user00114@example.com,telefone_1592368726,cargo_4214178330,1981-01-06,2024-09-18T12:00:00
00000000-0000-0000-0000-000000000073,00000000-0000-0000-0000-000000000030,Helena Lima,,user00115@example.com,telefone_185543324,cargo_217570146,1996-05-06,2024-07-09T12:00:00
00000000-0000-0000-0000-000000000074,00000000-0000-0000-0000-00000000007c,Helena Oliveira,Gustavo Ribeiro,user00116@example.com,telefone_1924955015,cargo_615662843,2002-07-23,2024-01-12T12:00:00
00000000-0000-0000-0000-000000000075,00000000-0000-0000-0000-000000000052,Ana Silva,Eduardo Santos,user00117@example.com,telefone_3473792402,cargo_2781563777,1995-07-15,2024-12-21T12:00:00
00000000-0000-0000-0000-000000000076,00000000-0000-0000-0000-000000000007,Carlos Lima,,user00118@example.com,telefone_74205996,cargo_517624527,1981-08-12,2024-11-09T12:00:00
00000000-0000-0000-0000-000000000077,00000000-0000-0000-0000-000000000099,Ana Lima,Fernanda Souza,user00119@example.com,telefone_135378617,cargo_1853322488,1989-01-22,2024-08-09T12:00:00
00000000-0000-0000-0000-000000000078,00000000-0000-0000-0000-000000000023,Eduardo Ribeiro,Fernanda Costa,user00120@example.com,telefone_4039553105,,1991-08-26,2024-07-28T12:00:00
00000000-0000-0000-0000-000000000079,00000000-0000-0000-0000-00000000007c,Gustavo Oliveira,,user00121@example.com,telefone_100234133,cargo_3747668975,1980-11-09,2024-06-05T12:00:00
00000000-0000-0000-0000-00000000007a,00000000-0000-0000-0000-000000000040,Ana Almeida,Gustavo Almeida,user00122@example.com,telefone_3911487111,cargo_3349372341,1978-09-20,2024-02-21T12:00:00
00000000-0000-0000-0000-00000000007b,00000000-0000-0000-0000-000000000004,Eduardo Ribeiro,Fernanda Souza,user00123@example.com,telefone_397795404,cargo_3825254971,1986-10-08,2024-03-30T12:00:00
00000000-0000-0000-0000-00000000007c,00000000-0000-0000-0000-000000000019,Helena Almeida,,user00124@example.com,telefone_1581315587,cargo_1206837003,1986-05-16,2024-01-30T12:00:00
00000000-0000-0000-0000-00000000007d,00000000-0000-0000-0000-00000000006f,Daniela Ribeiro,Fernanda Lima,user00125@example.com,telefone_2620392109,cargo_3449530399,1993-02-10,2024-11-07T12:00:00
00000000-0000-0000-0000-00000000007e,00000000-0000-0000-0000-000000000034,Gustavo Lima,Helena Ribeiro,user00126@example.com,telefone_1514863387,cargo_3284502881,1979-11-27,2024-01-12T12:00:00
00000000-0000-0000-0000-00000000007f,00000000-0000-0000-0000-000000000014,Eduardo Almeida,Fernanda Almeida,user00127@example.com,telefone_2786426573,cargo_1649371363,1993-04-27,2024-11-15T12:00:00
00000000-0000-0000-0000-000000000080,00000000-0000-0000-0000-000000000028,Eduardo Souza,Daniela Santos,user00128@example.com,telefone_1447499475,cargo_4170271564,1989-08-31,2024-06-21T12:00:00
00000000-0000-0000-0000-000000000081,00000000-0000-0000-0000-00000000008a,Eduardo Silva,Gustavo Oliveira,user00129@example.com,telefone_74237274,cargo_1633960219,1971-04-27,2024-04-05T12:00:00
00000000-0000-0000-0000-000000000082,00000000-0000-0000-0000-0000000000a3,Fernanda Almeida,Carlos Lima,user00130@example.com,telefone_3200122057,cargo_1106229209,1994-09-20,2024-05-30T12:00:00
00000000-0000-0000-0000-000000000083,00000000-0000-0000-0000-000000000021,Helena Almeida,Daniela Santos,user00131@example.com,telefone_3248324577,,1993-12-15,2024-05-31T12:00:00
00000000-0000-0000-0000-000000000084,00000000-0000-0000-0000-0000000000c8,Fernanda Lima,Daniela Silva,user00132@example.com,,cargo_3067994509,1983-09-19,2024-11-26T12:00:00
00000000-0000-0000-0000-000000000085,00000000-0000-0000-0000-000000000028,Carlos Santos,,user00133@example.com,telefone_2616531124,cargo_65172752,1985-01-11,2024-11-05T12:00:00
00000000-0000-0000-0000-000000000086,00000000-0000-0000-0000-000000000069,Bruno Santos,Fernanda Silva,user00134@example.com,telefone_2288022489,,1996-12-15,2024-04-23T12:00:00
00000000-0000-0000-0000-000000000087,00000000-0000-0000-0000-00000000008c,Eduardo Costa,Bruno Ribeiro,user00135@example.com,telefone_2255415296,cargo_279188052,1994-03-05,2024-06-03T12:00:00
00000000-0000-0000-0000-000000000088,00000000-0000-0000-0000-000000000098,Ana Oliveira,Gustavo Souza,user00136@example.com,telefone_4193910866,cargo_3639721269,1970-12-31,2024-05-21T12:00:00
00000000-0000-0000-0000-000000000089,00000000-0000-0000-0000-000000000089,Helena Souza,Daniela Lima,user00137@example.com,telefone_3711851074,,1980-12-28,2024-04-06T12:00:00
00000000-0000-0000-0000-00000000008a,00000000-0000-0000-0000-000000000080,Bruno Oliveira,Ana Santos,user00138@example.com,telefone_615547758,,1972-06-06,2024-04-01T12:00:00
00000000-0000-0000-0000-00000000008b,00000000-0000-0000-0000-0000000000b7,Ana Oliveira,Carlos Costa,user00139@example.com,telefone_1453478280,cargo_1964499064,1974-11-19,2024-06-16T12:00:00
00000000-0000-0000-0000-00000000008c,00000000-0000-0000-0000-0000000000af,Helena Ribeiro,Helena Santos,user00140@example.com,telefone_2604090786,,2005-05-03,2024-10-08T12:00:00
00000000-0000-0000-0000-00000000008d,00000000-0000-0000-0000-000000000074,Carlos Silva,Gustavo Oliveira,user00141@example.com,telefone_207830341,cargo_3573104196,1987-07-23,2024-08-09T12:00:00
00000000-0000-0000-0000-00000000008e,00000000-0000-0000-0000-00000000009c,Ana Santos,Ana Oliveira,user00142@example.com,telefone_583810962,cargo_2834073655,1975-12-17,2024-10-10T12:00:00
00000000-0000-0000-0000-00000000008f,00000000-0000-0000-0000-0000000000bb,Ana Almeida,Carlos Almeida,user00143@example.com,telefone_1703176892,cargo_1848720122,1971-10-01,2024-01-03T12:00:00
00000000-0000-0000-0000-000000000090,00000000-0000-0000-0000-000000000048,Fernanda Oliveira,Carlos Costa,user00144@example.com,telefone_3937178371,cargo_213951150,1989-03-09,2024-09-15T12:00:00
00000000-0000-0000-0000-000000000091,00000000-0000-0000-0000-000000000049,Gustavo Santos,Carlos Santos,user00145@example.com,telefone_1332281418,cargo_1576458018,1989-03-16,2024-05-17T12:00:00
00000000-0000-0000-0000-000000000092,00000000-0000-0000-0000-000000000014,Eduardo Almeida,,user00146@example.com,telefone_1904780996,cargo_3668301609,1982-05-21,2024-10-23T12:00:00
00000000-0000-0000-0000-000000000093,00000000-0000-0000-0000-00000000001b,Gustavo Costa,Ana Lima,user00147@example.com,telefone_545654218,cargo_46283253,1989-02-09,2024-11-29T12:00:00
00000000-0000-0000-0000-000000000094,00000000-0000-0000-0000-0000000000a5,Daniela Santos,Gustavo Almeida,user00148@example.com,telefone_2112746106,cargo_3159201965,1989-04-04,2024-05-01T12:00:00
00000000-0000-0000-0000-000000000095,00000000-0000-0000-0000-00000000006c,Ana Costa,Daniela Lima,user00149@example.com,telefone_2904459180,cargo_1462500032,1986-11-09,2024-10-15T12:00:00
00000000-0000-0000-0000-000000000096,00000000-0000-0000-0000-00000000005b,Daniela Lima,Gustavo Oliveira,user00150@example.com,telefone_3766713615,cargo_1782131596,1995-06-18,2024-04-08T12:00:00
00000000-0000-0000-0000-000000000097,00000000-0000-0000-0000-000000000050,Daniela Lima,,user00151@example.com,,,1979-06-24,2024-12-16T12:00:00
00000000-0000-0000-0000-000000000098,00000000-0000-0000-0000-00000000007f,Bruno Oliveira,Fernanda Ribeiro,user00152@example.com,telefone_3661002766,cargo_1073728557,1972-04-28,2024-07-18T12:00:00
00000000-0000-0000-0000-000000000099,00000000-0000-0000-0000-00000000004f,Daniela Souza,Fernanda Silva,user00153@example.com,telefone_2040265597,cargo_496342047,1971-08-22,2024-07-29T12:00:00
00000000-0000-0000-0000-00000000009a,00000000-0000-0000-0000-000000000083,Fernanda Santos,Gustavo Souza,user00154@example.com,telefone_3786993514,cargo_3062463434,1971-10-12,2024-12-23T12:00:00
00000000-0000-0000-0000-00000000009b,00000000-0000-0000-0000-000000000063,Ana Souza,Eduardo Souza,user00155@example.com,,cargo_3750596240,2001-05-31,2024-03-22T12:00:00
00000000-0000-0000-0000-00000000009c,00000000-0000-0000-0000-00000000008c,Bruno Silva,Daniela Silva,user00156@example.com,telefone_2115343675,cargo_405686044,1976-11-30,2024-09-04T12:00:00
00000000-0000-0000-0000-00000000009d,00000000-0000-0000-0000-000000000016,Gustavo Oliveira,Daniela Ribeiro,user00157@example.com,,cargo_1574744764,2004-02-17,2024-02-09T12:00:00
00000000-0000-0000-0000-00000000009e,00000000-0000-0000-0000-00000000002a,Fernanda Costa,Bruno Ribeiro,user00158@example.com,,cargo_1609734871,1988-08-05,2024-08-02T12:00:00
00000000-0000-0000-0000-00000000009f,00000000-0000-0000-0000-0000000000b0,Daniela Silva,,user00159@example.com,telefone_687051067,cargo_3184928685,1991-02-07,2024-07-22T12:00:00
00000000-0000-0000-0000-0000000000a0,00000000-0000-0000-0000-000000000020,Eduardo Lima,Bruno Ribeiro,user00160@example.com,telefone_3383141903,cargo_361414197,1977-12-29,2024-12-24T12:00:00
00000000-0000-0000-0000-0000000000a1,00000000-0000-0000-0000-000000000089,Carlos Santos,Helena Lima,user00161@example.com,telefone_101805334,cargo_413122754,1983-01-10,2024-08-22T12:00:00
00000000-0000-0000-0000-0000000000a2,00000000-0000-0000-0000-000000000019,Fernanda Lima,Ana Costa,user00162@example.com,telefone_3543544944,cargo_1571635292,1974-07-19,2024-07-18T12:00:00
00000000-0000-0000-0000-0000000000a3,00000000-0000-0000-0000-000000000038,Carlos Santos,Carlos Santos,user00163@example.com,telefone_1606724307,cargo_2718039489,1982-12-15,2024-07-16T12:00:00
00000000-0000-0000-0000-0000000000a4,00000000-0000-0000-0000-000000000077,Daniela Costa,Daniela Santos,user00164@example.com,telefone_453882666,cargo_873900018,1988-03-17,2024-05-20T12:00:00
00000000-0000-0000-0000-0000000000a5,00000000-0000-0000-0000-000000000086,Helena Souza,Bruno Almeida,user00165@example.com,,cargo_837747076,1989-01-06,2024-03-31T12:00:00
00000000-0000-0000-0000-0000000000a6,00000000-0000-0000-0000-000000000014,Bruno Souza,Bruno Almeida,user00166@example.com,telefone_1091434208,cargo_4124521284,1979-06-15,2024-11-23T12:00:00
00000000-0000-0000-0000-0000000000a7,00000000-0000-0000-0000-000000000016,Helena Ribeiro,Bruno Ribeiro,user00167@example.com,telefone_3711815701,cargo_3932456870,1985-03-25,2024-08-19T12:00:00
00000000-0000-0000-0000-0000000000a8,00000000-0000-0000-0000-00000000002b,Fernanda Almeida,,user00168@example.com,telefone_2123081133,cargo_2018506102,1975-02-27,2024-11-30T12:00:00
00000000-0000-0000-0000-0000000000a9,00000000-0000-0000-0000-000000000011,Eduardo Costa,Bruno Lima,user00169@example.com,telefone_89553702,cargo_4101092098,1975-06-05,2024-05-02T12:00:00
00000000-0000-0000-0000-0000000000aa,00000000-0000-0000-0000-000000000058,Carlos Ribeiro,Helena Lima,user00170@example.com,telefone_4263210079,cargo_3881827077,1998-07-27,2024-04-28T12:00:00
00000000-0000-0000-0000-0000000000ab,00000000-0000-0000-0000-000000000076,Bruno Silva,Daniela Oliveira,user00171@example.com,telefone_2138240344,cargo_73325663,1974-04-29,2024-01-09T12:00:00
00000000-0000-0000-0000-0000000000ac,00000000-0000-0000-0000-000000000049,Helena Santos,Carlos Souza,user00172@example.com,telefone_4266796990,cargo_3965556890,1980-08-24,2024-10-05T12:00:00
00000000-0000-0000-0000-0000000000ad,00000000-0000-0000-0000-0000000000a0,Gustavo Almeida,Bruno Almeida,user00173@example.com,telefone_2247838259,cargo_433500378,1983-09-22,2024-08-12T12:00:00
00000000-0000-0000-0000-0000000000ae,00000000-0000-0000-0000-000000000062,Ana Lima,Eduardo Lima,user00174@example.com,telefone_3167021519,cargo_521057093,1987-10-30,2024-07-04T12:00:00
00000000-0000-0000-0000-0000000000af,00000000-0000-0000-0000-000000000030,Eduardo Silva,Carlos Costa,user00175@example.com,telefone_1205055322,cargo_950685692,1988-07-23,2024-10-13T12:00:00
00000000-0000-0000-0000-0000000000b0,00000000-0000-0000-0000-000000000032,Fernanda Almeida,Daniela Lima,user00176@example.com,telefone_2372461038,cargo_913702242,1976-01-03,2024-07-22T12:00:00
00000000-0000-0000-0000-0000000000b1,00000000-0000-0000-0000-0000000000a7,Daniela Santos,Ana Almeida,user00177@example.com,telefone_2272874921,cargo_1695447381,1977-11-14,2024-10-26T12:00:00
00000000-0000-0000-0000-0000000000b2,00000000-0000-0000-0000-0000000000b7,Eduardo Souza,Bruno Ribeiro,user00178@example.com,telefone_1946927280,cargo_1396996839,1982-11-28,2024-10-09T12:00:00
00000000-0000-0000-0000-0000000000b3,00000000-0000-0000-0000-0000000000a5,Carlos Santos,Daniela Oliveira,user00179@example.com,telefone_1021129998,cargo_695389133,2003-12-29,2024-09-02T12:00:00
00000000-0000-0000-0000-0000000000b4,00000000-0000-0000-0000-000000000032,Fernanda Souza,Fernanda Santos,user00180@example.com,telefone_768331063,cargo_3911083345,1973-05-20,2024-11-08T12:00:00
00000000-0000-0000-0000-0000000000b5,00000000-0000-0000-0000-0000000000ac,Eduardo Silva,Gustavo Lima,user00181@example.com,telefone_3055470791,cargo_3428129654,1979-06-27,2024-08-23T12:00:00
00000000-0000-0000-0000-0000000000b6,00000000-0000-0000-0000-000000000044,Eduardo Santos,Fernanda Costa,user00182@example.com,telefone_3939654456,cargo_1147770039,2000-03-19,2024-05-07T12:00:00
00000000-0000-0000-0000-0000000000b7,00000000-0000-0000-0000-000000000004,Ana Oliveira,Eduardo Ribeiro,user00183@example.com,telefone_1276172171,cargo_1264157612,1983-05-26,2024-09-19T12:00:00
00000000-0000-0000-0000-0000000000b8,00000000-0000-0000-0000-000000000034,Daniela Silva,Fernanda Almeida,user00184@example.com,telefone_1492113429,cargo_927446088,1987-01-28,2024-03-21T12:00:00
00000000-0000-0000-0000-0000000000b9,00000000-0000-0000-0000-000000000059,Fernanda Lima,Fernanda Souza,user00185@example.com,,cargo_2001942972,1974-08-11,2024-02-07T12:00:00
00000000-0000-0000-0000-0000000000ba,00000000-0000-0000-0000-000000000098,Eduardo Lima,Bruno Silva,user00186@example.com,telefone_1984944264,cargo_1516347583,1983-08-29,2024-06-28T12:00:00
00000000-0000-0000-0000-0000000000bb,00000000-0000-0000-0000-00000000000b,Carlos Oliveira,Bruno Lima,user00187@example.com,telefone_1561189018,cargo_2364012396,1973-09-19,2024-07-17T12:00:00
00000000-0000-0000-0000-0000000000bc,00000000-0000-0000-0000-00000000004e,Fernanda Oliveira,Eduardo Souza,user00188@example.com,telefone_1904711558,cargo_1356175711,1990-12-22,2024-06-13T12:00:00
00000000-0000-0000-0000-0000000000bd,00000000-0000-0000-0000-000000000092,Ana Souza,,user00189@example.com,telefone_2453902620,cargo_3761721249,1977-08-04,2024-10-09T12:00:00
00000000-0000-0000-0000-0000000000be,00000000-0000-0000-0000-000000000059,Gustavo Silva,Ana Ribeiro,user00190@example.com,telefone_622815053,cargo_1408406929,1993-06-22,2024-10-04T12:00:00
00000000-0000-0000-0000-0000000000bf,00000000-0000-0000-0000-00000000000b,Daniela Almeida,Ana Santos,user00191@example.com,telefone_2185467156,cargo_4292053458,1976-11-02,2024-03-12T12:00:00
00000000-0000-0000-0000-0000000000c0,00000000-0000-0000-0000-000000000033,Helena Almeida,Ana Silva,user00192@example.com,telefone_1972180553,cargo_4060960140,2005-06-08,2024-07-10T12:00:00
00000000-0000-0000-0000-0000000000c1,00000000-0000-0000-0000-0000000000aa,Gustavo Almeida,Daniela Silva,user00193@example.com,telefone_1385582230,cargo_3956800627,1973-03-29,2024-03-02T12:00:00
00000000-0000-0000-0000-0000000000c2,00000000-0000-0000-0000-00000000008c,Fernanda Lima,Gustavo Costa,user00194@example.com,,cargo_743681222,1981-02-20,2024-10-09T12:00:00
00000000-0000-0000-0000-0000000000c3,00000000-0000-0000-0000-000000000002,Ana Oliveira,Gustavo Ribeiro,user00195@example.com,,cargo_4134557535,1982-04-11,2024-09-17T12:00:00
00000000-0000-0000-0000-0000000000c4,00000000-0000-0000-0000-00000000009b,Bruno Oliveira,Bruno Silva,user00196@example.com,telefone_818906188,cargo_2452464156,1998-10-13,2024-03-06T12:00:00
00000000-0000-0000-0000-0000000000c5,00000000-0000-0000-0000-000000000046,Daniela Almeida,Eduardo Silva,user00197@example.com,telefone_790893559,cargo_3754726237,1986-12-19,2024-09-11T12:00:00
00000000-0000-0000-0000-0000000000c6,00000000-0000-0000-0000-000000000034,Ana Ribeiro,Gustavo Silva,user00198@example.com,telefone_1489052243,cargo_1533195171,1991-12-15,2024-02-14T12:00:00
00000000-0000-0000-0000-0000000000c7,00000000-0000-0000-0000-00000000003a,Ana Santos,Bruno Silva,user00199@example.com,telefone_1550833556,cargo_2635172141,1985-03-22,2024-10-19T12:00:00
00000000-0000-0000-0000-0000000000c8,00000000-0000-0000-0000-000000000062,Eduardo Almeida,Gustavo Silva,user00200@example.com,telefone_2626444672,cargo_3217973649,1985-01-14,2024-06-27T12:00:00
