id,razao_social,nome_fantasia,cnpj,email,telefone,site,ativo,data_criacao,data_atualizacao
00000000-0000-0000-0000-000000000001,razao_social_791392969,Daniela Santos,00000000000001,user7433@example.com,telefone_2207978800,site_584473336,true,2024-01-24T12:00:00,2024-08-21T12:00:00
00000000-0000-0000-0000-000000000002,razao_social_1567074855,Helena Oliveira,00000000000002,user2212@example.com,telefone_1721017419,site_1260722006,true,2024-04-01T12:00:00,2024-05-27T12:00:00
00000000-0000-0000-0000-000000000003,razao_social_2261011150,Bruno Ribeiro,00000000000003,user1524@example.com,telefone_3942675604,site_3282091907,true,2024-06-05T12:00:00,2024-07-21T12:00:00
00000000-0000-0000-0000-000000000004,razao_social_3849246807,Helena Ribeiro,00000000000004,user5313@example.com,,site_1260957027,true,2024-01-13T12:00:00,2024-07-29T12:00:00
00000000-0000-0000-0000-000000000005,razao_social_2275882446,Eduardo Lima,00000000000005,user1721@example.com,telefone_2727719483,site_2947520892,true,2024-03-05T12:00:00,2024-12-12T12:00:00
00000000-0000-0000-0000-000000000006,razao_social_4067582981,Ana Santos,00000000000006,user9754@example.com,telefone_3246034249,site_2932951032,true,2024-01-31T12:00:00,2024-08-15T12:00:00
00000000-0000-0000-0000-000000000007,razao_social_1342305134,Ana Silva,00000000000007,user1047@example.com,telefone_588766322,site_1932739749,true,2024-03-29T12:00:00,2024-05-18T12:00:00
00000000-0000-0000-0000-000000000008,razao_social_1512736654,Daniela Silva,00000000000008,,telefone_3257199337,site_224354229,true,2024-03-15T12:00:00,2024-09-15T12:00:00
00000000-0000-0000-0000-000000000009,razao_social_189988264,Bruno Oliveira,00000000000009,user6514@example.com,telefone_2968956473,site_2305990235,true,2024-05-06T12:00:00,2024-06-13T12:00:00
00000000-0000-0000-0000-00000000000a,razao_social_50836363,Gustavo Santos,00000000000010,user3176@example.com,telefone_825448049,site_4081927448,true,2024-05-01T12:00:00,2024-11-16T12:00:00
00000000-0000-0000-0000-00000000000b,razao_social_2510721404,Gustavo Ribeiro,00000000000011,user3047@example.com,telefone_241343758,site_1335148919,true,2024-02-17T12:00:00,2024-05-07T12:00:00
00000000-0000-0000-0000-00000000000c,razao_social_2014660610,Fernanda Oliveira,00000000000012,user2757@example.com,telefone_3979361671,site_1169336368,true,2024-04-22T12:00:00,2024-06-01T12:00:00
00000000-0000-0000-0000-00000000000d,razao_social_1461944736,Daniela Costa,00000000000013,user5988@example.com,telefone_278062527,site_2327962493,true,2024-02-14T12:00:00,2024-08-29T12:00:00
00000000-0000-0000-0000-00000000000e,razao_social_2871979544,Carlos Ribeiro,00000000000014,user4280@example.com,telefone_1520045868,site_3805653350,true,2024-04-12T12:00:00,2024-09-24T12:00:00
00000000-0000-0000-0000-00000000000f,razao_social_2312483866,Daniela Lima,00000000000015,user2793@example.com,telefone_2416832325,site_1485969344,true,2024-03-25T12:00:00,2024-04-07T12:00:00
00000000-0000-0000-0000-000000000010,razao_social_1097686893,Helena Ribeiro,00000000000016,user5723@example.com,telefone_4192372544,site_1535935226,true,2024-06-28T12:00:00,2024-06-30T12:00:00
00000000-0000-0000-0000-000000000011,razao_social_2138170323,Helena Costa,00000000000017,user5859@example.com,telefone_3916071369,site_1897145418,true,2024-01-27T12:00:00,2024-09-13T12:00:00
00000000-0000-0000-0000-000000000012,razao_social_1168261336,Ana Oliveira,00000000000018,user0394@example.com,telefone_3275419899,site_855646040,true,2024-08-30T12:00:00,2024-11-03T12:00:00
00000000-0000-0000-0000-000000000013,razao_social_2155744277,Eduardo Almeida,00000000000019,user3662@example.com,,site_1824908880,true,2024-08-08T12:00:00,2024-10-25T12:00:00
00000000-0000-0000-0000-000000000014,razao_social_2677024906,Helena Santos,00000000000020,user2857@example.com,telefone_3590277422,,true,2024-01-19T12:00:00,2024-03-25T12:00:00
00000000-0000-0000-0000-000000000015,razao_social_1699838293,Fernanda Santos,00000000000021,user4193@example.com,,site_750367767,true,2024-06-25T12:00:00,2024-11-11T12:00:00
00000000-0000-0000-0000-000000000016,razao_social_3447677297,Eduardo Lima,00000000000022,,telefone_3001985346,,true,2024-02-08T12:00:00,2024-08-14T12:00:00
00000000-0000-0000-0000-000000000017,razao_social_4074041032,Carlos Silva,00000000000023,user5440@example.com,telefone_3350570386,site_17976347,true,2024-05-25T12:00:00,2024-12-18T12:00:00
00000000-0000-0000-0000-000000000018,razao_social_3309887603,Eduardo Silva,00000000000024,user0140@example.com,telefone_3042284613,site_251464195,true,2024-06-01T12:00:00,2024-06-29T12:00:00
00000000-0000-0000-0000-000000000019,razao_social_461561609,Gustavo Oliveira,00000000000025,user8810@example.com,telefone_2124561876,site_1143975817,true,2024-01-30T12:00:00,2024-06-30T12:00:00
00000000-0000-0000-0000-00000000001a,razao_social_198028557,Bruno Souza,00000000000026,user2969@example.com,telefone_4123572381,site_3450481947,true,2024-02-08T12:00:00,2024-05-28T12:00:00
00000000-0000-0000-0000-00000000001b,razao_social_1176656080,Fernanda Ribeiro,00000000000027,user5118@example.com,telefone_4084756604,site_3263428797,true,2024-07-03T12:00:00,2024-11-01T12:00:00
00000000-0000-0000-0000-00000000001c,razao_social_3021049775,Helena Souza,00000000000028,,telefone_131343264,site_3976984967,true,2024-05-27T12:00:00,2024-06-02T12:00:00
00000000-0000-0000-0000-00000000001d,razao_social_2725199048,Ana Almeida,00000000000029,user1377@example.com,telefone_1638657052,,true,2024-07-31T12:00:00,2024-11-15T12:00:00
00000000-0000-0000-0000-00000000001e,razao_social_108064170,Daniela Souza,00000000000030,user5031@example.com,telefone_1056047906,site_2436522408,true,2024-08-09T12:00:00,2024-09-23T12:00:00
00000000-0000-0000-0000-00000000001f,razao_social_2713644000,Bruno Almeida,00000000000031,user0411@example.com,telefone_677650745,site_1668154002,true,2024-07-26T12:00:00,2024-12-13T12:00:00
00000000-0000-0000-0000-000000000020,razao_social_1908414419,Helena Costa,00000000000032,user6453@example.com,telefone_458914798,site_4244205618,true,2024-07-04T12:00:00,2024-10-24T12:00:00
00000000-0000-0000-0000-000000000021,razao_social_1800841619,Helena Costa,00000000000033,user3932@example.com,telefone_1182837978,site_3179759246,true,2024-06-21T12:00:00,2024-12-31T12:00:00
00000000-0000-0000-0000-000000000022,razao_social_254111263,Carlos Souza,00000000000034,user6216@example.com,telefone_1610758004,site_434871300,true,2024-08-21T12:00:00,2024-09-04T12:00:00
00000000-0000-0000-0000-000000000023,razao_social_713844469,Gustavo Santos,00000000000035,user2986@example.com,telefone_3272547284,site_1024437467,true,2024-08-24T12:00:00,2024-09-03T12:00:00
00000000-0000-0000-0000-000000000024,razao_social_3385517752,Bruno Lima,00000000000036,user6102@example.com,telefone_3741921616,site_2228419914,true,2024-03-26T12:00:00,2024-12-20T12:00:00
00000000-0000-0000-0000-000000000025,razao_social_1639371756,Carlos Ribeiro,00000000000037,user3091@example.com,telefone_796928792,site_498555456,true,2024-03-29T12:00:00,2024-09-14T12:00:00
00000000-0000-0000-0000-000000000026,razao_social_2933620468,Daniela Lima,00000000000038,user0054@example.com,telefone_1512620914,site_2201429844,true,2024-05-27T12:00:00,2024-10-11T12:00:00
00000000-0000-0000-0000-000000000027,razao_social_2048609256,Gustavo Almeida,00000000000039,user1215@example.com,telefone_1505240726,site_1173690940,true,2024-02-10T12:00:00,2024-08-13T12:00:00
00000000-0000-0000-0000-000000000028,razao_social_114616693,Bruno Almeida,00000000000040,user8965@example.com,telefone_3212059371,site_3736281308,true,2024-04-20T12:00:00,2024-11-15T12:00:00
00000000-0000-0000-0000-000000000029,razao_social_2487419128,Fernanda Silva,00000000000041,user5052@example.com,telefone_923530128,site_1053196441,true,2024-06-27T12:00:00,2024-12-11T12:00:00
00000000-0000-0000-0000-00000000002a,razao_social_342791870,Ana Silva,00000000000042,user4626@example.com,telefone_2619536389,,true,2024-11-12T12:00:00,2024-11-28T12:00:00
00000000-0000-0000-0000-00000000002b,razao_social_213815534,Fernanda Silva,00000000000043,,telefone_3060561194,site_3023719281,true,2024-03-04T12:00:00,2024-04-09T12:00:00
00000000-0000-0000-0000-00000000002c,razao_social_2731207337,Ana Oliveira,00000000000044,user2224@example.com,telefone_1671341756,site_3872597618,true,2024-06-24T12:00:00,2024-08-26T12:00:00
00000000-0000-0000-0000-00000000002d,razao_social_1553573808,Carlos Costa,00000000000045,user0430@example.com,,site_933052248,true,2024-05-07T12:00:00,2024-07-10T12:00:00
00000000-0000-0000-0000-00000000002e,razao_social_3601193414,Gustavo Silva,00000000000046,user5593@example.com,telefone_3874063009,site_3287861011,true,2024-04-13T12:00:00,2024-05-14T12:00:00
00000000-0000-0000-0000-00000000002f,razao_social_827095273,Fernanda Costa,00000000000047,user8866@example.com,telefone_3866700863,,true,2024-05-07T12:00:00,2024-05-14T12:00:00
00000000-0000-0000-0000-000000000030,razao_social_4201269749,Daniela Almeida,00000000000048,user0882@example.com,telefone_3216274807,site_3844505925,true,2024-03-08T12:00:00,2024-09-21T12:00:00
00000000-0000-0000-0000-000000000031,razao_social_3796343102,Bruno Silva,00000000000049,user3545@example.com,telefone_2591518900,site_4225360819,true,2024-02-29T12:00:00,2024-08-01T12:00:00
00000000-0000-0000-0000-000000000032,razao_social_2867093394,Ana Oliveira,00000000000050,user1632@example.com,telefone_3792708567,site_3145462366,true,2024-05-13T12:00:00,2024-08-05T12:00:00
00000000-0000-0000-0000-000000000033,razao_social_2873983367,Fernanda Costa,00000000000051,user0359@example.com,telefone_981112259,site_3833341162,true,2024-11-29T12:00:00,2024-12-02T12:00:00
00000000-0000-0000-0000-000000000034,razao_social_3130077722,Eduardo Souza,00000000000052,user2628@example.com,telefone_181613855,site_2461475386,true,2024-03-30T12:00:00,2024-12-25T12:00:00
00000000-0000-0000-0000-000000000035,razao_social_1387212535,Ana Souza,00000000000053,user6655@example.com,telefone_228742140,site_2327673862,true,2024-03-04T12:00:00,2024-06-24T12:00:00
00000000-0000-0000-0000-000000000036,razao_social_2898056801,Gustavo Oliveira,00000000000054,user7016@example.com,telefone_2031617923,site_1180943453,true,2024-03-19T12:00:00,2024-07-01T12:00:00
00000000-0000-0000-0000-000000000037,razao_social_190757518,Daniela Oliveira,00000000000055,user8334@example.com,telefone_4061476899,site_1125376819,true,2024-06-18T12:00:00,2024-07-27T12:00:00
00000000-0000-0000-0000-000000000038,razao_social_1171337758,Gustavo Souza,00000000000056,user6134@example.com,telefone_512210634,site_2795562173,true,2024-02-01T12:00:00,2024-11-24T12:00:00
00000000-0000-0000-0000-000000000039,razao_social_396177983,Fernanda Santos,00000000000057,user9777@example.com,telefone_1176911898,site_285393476,true,2024-09-10T12:00:00,2024-10-06T12:00:00
00000000-0000-0000-0000-00000000003a,razao_social_751929656,Eduardo Santos,00000000000058,user0305@example.com,telefone_2906522856,site_820538327,true,2024-10-08T12:00:00,2024-11-24T12:00:00
00000000-0000-0000-0000-00000000003b,razao_social_2018100859,Bruno Silva,00000000000059,user9689@example.com,telefone_3962173582,site_2770542334,true,2024-04-24T12:00:00,2024-07-03T12:00:00
00000000-0000-0000-0000-00000000003c,razao_social_201580529,Gustavo Almeida,00000000000060,,telefone_1832311866,site_2645827348,true,2024-05-10T12:00:00,2024-11-29T12:00:00
00000000-0000-0000-0000-00000000003d,razao_social_3497645401,Fernanda Souza,00000000000061,user1973@example.com,telefone_2183486493,site_3247424770,true,2024-07-05T12:00:00,2024-07-27T12:00:00
00000000-0000-0000-0000-00000000003e,razao_social_367047186,Ana Silva,00000000000062,user5986@example.com,,,true,2024-02-20T12:00:00,2024-08-21T12:00:00
00000000-0000-0000-0000-00000000003f,razao_social_4248520663,Daniela Lima,00000000000063,user2475@example.com,telefone_308961431,site_2528657287,true,2024-05-17T12:00:00,2024-09-23T12:00:00
00000000-0000-0000-0000-000000000040,razao_social_3275217849,Bruno Oliveira,00000000000064,user4891@example.com,telefone_677643050,site_1605678658,true,2024-04-12T12:00:00,2024-11-08T12:00:00
00000000-0000-0000-0000-000000000041,razao_social_959253655,Ana Oliveira,00000000000065,user9868@example.com,telefone_227494383,,true,2024-03-17T12:00:00,2024-06-04T12:00:00
00000000-0000-0000-0000-000000000042,razao_social_344281319,Gustavo Lima,00000000000066,user8369@example.com,,site_1302712041,true,2024-04-01T12:00:00,2024-04-01T12:00:00
00000000-0000-0000-0000-000000000043,razao_social_2063360629,Helena Souza,00000000000067,user2485@example.com,telefone_3741300935,site_164847872,true,2024-03-22T12:00:00,2024-03-25T12:00:00
00000000-0000-0000-0000-000000000044,razao_social_3945174944,Bruno Costa,00000000000068,user8693@example.com,telefone_137555487,site_724008073,true,2024-09-11T12:00:00,2024-10-08T12:00:00
00000000-0000-0000-0000-000000000045,razao_social_912379121,Carlos Santos,00000000000069,user8954@example.com,telefone_1256595254,site_3181529191,true,2024-08-05T12:00:00,2024-10-11T12:00:00
00000000-0000-0000-0000-000000000046,razao_social_3909877455,Helena Lima,00000000000070,user1795@example.com,telefone_3205739757,site_3878177346,true,2024-02-03T12:00:00,2024-08-14T12:00:00
00000000-0000-0000-0000-000000000047,razao_social_341053140,Eduardo Souza,00000000000071,,telefone_1853207014,site_2076232523,true,2024-06-09T12:00:00,2024-08-12T12:00:00
00000000-0000-0000-0000-000000000048,razao_social_3968458438,Eduardo Lima,00000000000072,user7237@example.com,telefone_4141472627,site_568690006,true,2024-03-01T12:00:00,2024-06-12T12:00:00
00000000-0000-0000-0000-000000000049,razao_social_813992701,Helena Silva,00000000000073,user9590@example.com,telefone_3723107551,site_998461734,true,2024-09-25T12:00:00,2024-12-25T12:00:00
00000000-0000-0000-0000-00000000004a,razao_social_3978297012,Fernanda Oliveira,00000000000074,user3862@example.com,telefone_4291365408,site_932312114,true,2024-04-16T12:00:00,2024-10-15T12:00:00
00000000-0000-0000-0000-00000000004b,razao_social_1077619757,Carlos Souza,00000000000075,user3192@example.com,,,true,2024-02-12T12:00:00,2024-02-26T12:00:00
00000000-0000-0000-0000-00000000004c,razao_social_3925640301,Fernanda Santos,00000000000076,user2678@example.com,telefone_582957418,site_1317394576,true,2024-02-25T12:00:00,2024-11-08T12:00:00
00000000-0000-0000-0000-00000000004d,razao_social_3198491260,Helena Costa,00000000000077,user7517@example.com,telefone_363008769,site_256069703,true,2024-04-12T12:00:00,2024-06-27T12:00:00
00000000-0000-0000-0000-00000000004e,razao_social_1667802126,Eduardo Oliveira,00000000000078,,telefone_672710056,site_2517237075,true,2024-07-12T12:00:00,2024-12-26T12:00:00
00000000-0000-0000-0000-00000000004f,razao_social_2299739134,Helena Ribeiro,00000000000079,user5588@example.com,telefone_2800423920,site_3452338455,true,2024-05-19T12:00:00,2024-07-19T12:00:00
00000000-0000-0000-0000-000000000050,razao_social_93999099,Helena Oliveira,00000000000080,user5857@example.com,telefone_2455451522,site_783145893,true,2024-03-31T12:00:00,2024-07-24T12:00:00
00000000-0000-0000-0000-000000000051,razao_social_1317959586,Bruno Lima,00000000000081,user4357@example.com,telefone_3870083500,,true,2024-05-08T12:00:00,2024-12-23T12:00:00
00000000-0000-0000-0000-000000000052,razao_social_3675792455,Bruno Costa,00000000000082,,telefone_13328846,site_1083926742,true,2024-07-04T12:00:00,2024-11-04T12:00:00
00000000-0000-0000-0000-000000000053,razao_social_429817068,Bruno Oliveira,00000000000083,user4811@example.com,telefone_1973247792,,true,2024-06-03T12:00:00,2024-12-03T12:00:00
00000000-0000-0000-0000-000000000054,razao_social_2282926321,Helena Ribeiro,00000000000084,user9896@example.com,,site_340955566,true,2024-03-24T12:00:00,2024-05-20T12:00:00
00000000-0000-0000-0000-000000000055,razao_social_414628554,Fernanda Ribeiro,00000000000085,user2337@example.com,telefone_2737179819,site_1112181134,true,2024-04-14T12:00:00,2024-06-07T12:00:00
00000000-0000-0000-0000-000000000056,razao_social_1027019194,Carlos Almeida,00000000000086,user3985@example.com,,site_366397116,true,2024-01-05T12:00:00,2024-09-13T12:00:00
00000000-0000-0000-0000-000000000057,razao_social_2755785977,Eduardo Souza,00000000000087,user7328@example.com,telefone_1221085987,site_2238685958,true,2024-02-03T12:00:00,2024-04-25T12:00:00
00000000-0000-0000-0000-000000000058,razao_social_2273188138,Helena Souza,00000000000088,,telefone_2648584835,site_257468248,true,2024-03-24T12:00:00,2024-09-14T12:00:00
00000000-0000-0000-0000-000000000059,razao_social_858971177,Eduardo Oliveira,00000000000089,user6193@example.com,telefone_3275047688,site_3981257427,true,2024-01-06T12:00:00,2024-08-19T12:00:00
00000000-0000-0000-0000-00000000005a,razao_social_4046676619,Fernanda Costa,00000000000090,,telefone_3038629734,site_198460822,true,2024-03-02T12:00:00,2024-12-31T12:00:00
00000000-0000-0000-0000-00000000005b,razao_social_2920680826,Gustavo Costa,00000000000091,user6611@example.com,telefone_1061754750,site_2549120059,true,2024-02-17T12:00:00,2024-04-11T12:00:00
00000000-0000-0000-0000-00000000005c,razao_social_3560126236,Ana Almeida,00000000000092,user1221@example.com,telefone_2934811125,site_2704392453,true,2024-01-10T12:00:00,2024-07-22T12:00:00
00000000-0000-0000-0000-00000000005d,razao_social_1423002749,Fernanda Silva,00000000000093,user1533@example.com,telefone_3527797892,site_2558654639,true,2024-01-18T12:00:00,2024-10-26T12:00:00
00000000-0000-0000-0000-00000000005e,razao_social_3314593548,Gustavo Almeida,00000000000094,user7361@example.com,telefone_1766962696,site_2707325090,true,2024-02-07T12:00:00,2024-05-12T12:00:00
00000000-0000-0000-0000-00000000005f,razao_social_3714954392,Bruno Ribeiro,00000000000095,user9201@example.com,telefone_537447475,site_2797247800,true,2024-10-22T12:00:00,2024-12-06T12:00:00
00000000-0000-0000-0000-000000000060,razao_social_3529321497,Gustavo Santos,00000000000096,user7810@example.com,telefone_3723115211,site_109778487,true,2024-07-26T12:00:00,2024-09-05T12:00:00
00000000-0000-0000-0000-000000000061,razao_social_2392001888,Bruno Silva,00000000000097,user6549@example.com,telefone_1376580864,site_2101931847,true,2024-04-05T12:00:00,2024-09-23T12:00:00
00000000-0000-0000-0000-000000000062,razao_social_3176522115,Ana Oliveira,00000000000098,user7466@example.com,telefone_3636206783,site_2406617138,true,2024-08-27T12:00:00,2024-10-23T12:00:00
00000000-0000-0000-0000-000000000063,razao_social_3358913102,Eduardo Silva,00000000000099,,telefone_3573454912,site_725887054,true,2024-04-22T12:00:00,2024-11-12T12:00:00
00000000-0000-0000-0000-000000000064,razao_social_145748039,Bruno Santos,00000000000100,user5076@example.com,telefone_1122091693,,true,2024-01-05T12:00:00,2024-10-02T12:00:00
00000000-0000-0000-0000-000000000065,razao_social_818739348,Helena Costa,00000000000101,user3710@example.com,telefone_124357747,site_709721020,true,2024-09-19T12:00:00,2024-11-14T12:00:00
00000000-0000-0000-0000-000000000066,razao_social_3514621317,Carlos Silva,00000000000102,user7014@example.com,telefone_375299825,site_3442509302,true,2024-10-18T12:00:00,2024-12-29T12:00:00
00000000-0000-0000-0000-000000000067,razao_social_2210322050,Daniela Souza,00000000000103,user0668@example.com,telefone_882394487,site_2512494984,true,2024-06-01T12:00:00,2024-09-20T12:00:00
00000000-0000-0000-0000-000000000068,razao_social_2455564136,Ana Santos,00000000000104,,telefone_2004656266,site_3954937427,true,2024-09-16T12:00:00,2024-12-22T12:00:00
00000000-0000-0000-0000-000000000069,razao_social_3621856722,Fernanda Costa,00000000000105,,telefone_4114178175,site_1879141430,true,2024-02-25T12:00:00,2024-07-22T12:00:00
00000000-0000-0000-0000-00000000006a,razao_social_985441474,Ana Silva,00000000000106,user9770@example.com,telefone_1421573957,site_96281832,true,2024-09-22T12:00:00,2024-12-15T12:00:00
00000000-0000-0000-0000-00000000006b,razao_social_1513764256,Carlos Oliveira,00000000000107,user3693@example.com,telefone_210478643,site_3282765717,true,2024-10-06T12:00:00,2024-12-18T12:00:00
00000000-0000-0000-0000-00000000006c,razao_social_2175027830,Ana Lima,00000000000108,user6478@example.com,,site_3575250837,true,2024-03-08T12:00:00,2024-09-22T12:00:00
00000000-0000-0000-0000-00000000006d,razao_social_2742379793,Carlos Almeida,00000000000109,user8898@example.com,telefone_2460823159,site_289969239,true,2024-05-29T12:00:00,2024-06-26T12:00:00
00000000-0000-0000-0000-00000000006e,razao_social_343813826,Fernanda Silva,00000000000110,user1106@example.com,telefone_1536024560,site_2454014169,true,2024-11-13T12:00:00,2024-11-30T12:00:00
00000000-0000-0000-0000-00000000006f,razao_social_2305664495,Gustavo Almeida,00000000000111,user4846@example.com,telefone_3009212651,site_101725782,true,2024-02-27T12:00:00,2024-07-10T12:00:00
00000000-0000-0000-0000-000000000070,razao_social_2592490909,Gustavo Almeida,00000000000112,user6778@example.com,telefone_1119900957,site_1553065,true,2024-01-06T12:00:00,2024-04-07T12:00:00
00000000-0000-0000-0000-000000000071,razao_social_1959066956,Daniela Costa,00000000000113,user2861@example.com,telefone_3129420936,site_2322183794,true,2024-07-07T12:00:00,2024-12-02T12:00:00
00000000-0000-0000-0000-000000000072,razao_social_1640095586,Ana Silva,00000000000114,user5396@example.com,telefone_3084639415,site_3251200989,true,2024-04-07T12:00:00,2024-08-15T12:00:00
00000000-0000-0000-0000-000000000073,razao_social_3180921841,Gustavo Souza,00000000000115,user2825@example.com,telefone_11268561,site_3702175952,true,2024-04-03T12:00:00,2024-08-18T12:00:00
00000000-0000-0000-0000-000000000074,razao_social_2395976529,Daniela Lima,00000000000116,user7805@example.com,telefone_894373741,site_2064384332,true,2024-04-07T12:00:00,2024-06-11T12:00:00
00000000-0000-0000-0000-000000000075,razao_social_3624286578,Bruno Silva,00000000000117,user3154@example.com,telefone_3474113550,site_3852995475,true,2024-02-14T12:00:00,2024-04-26T12:00:00
00000000-0000-0000-0000-000000000076,razao_social_3851206260,Eduardo Souza,00000000000118,user5965@example.com,telefone_3697146821,site_1271690602,true,2024-06-22T12:00:00,2024-09-28T12:00:00
00000000-0000-0000-0000-000000000077,razao_social_3024158201,Daniela Costa,00000000000119,,telefone_3014846536,site_1698117965,true,2024-01-09T12:00:00,2024-07-05T12:00:00
00000000-0000-0000-0000-000000000078,razao_social_108192048,Gustavo Almeida,00000000000120,user7069@example.com,telefone_3697764364,site_2489941437,true,2024-07-11T12:00:00,2024-08-02T12:00:00
00000000-0000-0000-0000-000000000079,razao_social_3397883984,Gustavo Ribeiro,00000000000121,user2787@example.com,telefone_2064342362,site_1812334690,true,2024-01-13T12:00:00,2024-04-18T12:00:00
00000000-0000-0000-0000-00000000007a,razao_social_45258874,Helena Souza,00000000000122,user5693@example.com,telefone_1236048829,site_1047528208,true,2024-08-09T12:00:00,2024-08-10T12:00:00
00000000-0000-0000-0000-00000000007b,razao_social_759857782,Daniela Almeida,00000000000123,user0057@example.com,telefone_224149616,site_3812883861,true,2024-02-14T12:00:00,2024-02-17T12:00:00
00000000-0000-0000-0000-00000000007c,razao_social_2142650745,Carlos Souza,00000000000124,user0755@example.com,telefone_3200714744,site_1243038142,true,2024-01-01T12:00:00,2024-01-11T12:00:00
00000000-0000-0000-0000-00000000007d,razao_social_4074269862,Bruno Silva,00000000000125,user7060@example.com,telefone_640817124,,true,2024-06-29T12:00:00,2024-06-29T12:00:00
00000000-0000-0000-0000-00000000007e,razao_social_2631236959,Daniela Santos,00000000000126,user2442@example.com,telefone_4063681814,site_279310124,true,2024-06-25T12:00:00,2024-12-14T12:00:00
00000000-0000-0000-0000-00000000007f,razao_social_110570553,Carlos Almeida,00000000000127,user7188@example.com,telefone_2740275443,,true,2024-01-18T12:00:00,2024-12-02T12:00:00
00000000-0000-0000-0000-000000000080,razao_social_2854782075,Eduardo Souza,00000000000128,user0045@example.com,telefone_1866990115,site_873112084,true,2024-05-20T12:00:00,2024-10-08T12:00:00
00000000-0000-0000-0000-000000000081,razao_social_886131279,Eduardo Santos,00000000000129,user5444@example.com,telefone_446013035,site_744620450,true,2024-07-27T12:00:00,2024-12-15T12:00:00
00000000-0000-0000-0000-000000000082,razao_social_3908872945,Ana Oliveira,00000000000130,user5598@example.com,telefone_3915228126,site_1649418403,true,2024-03-22T12:00:00,2024-12-23T12:00:00
00000000-0000-0000-0000-000000000083,razao_social_491818674,Carlos Souza,00000000000131,user5934@example.com,telefone_647878394,site_3911360838,true,2024-04-23T12:00:00,2024-11-26T12:00:00
00000000-0000-0000-0000-000000000084,razao_social_2279415077,Gustavo Santos,00000000000132,user7928@example.com,telefone_1380387020,site_2497636140,true,2024-06-15T12:00:00,2024-06-21T12:00:00
00000000-0000-0000-0000-000000000085,razao_social_3866981897,Ana Costa,00000000000133,user5134@example.com,telefone_1138358174,,true,2024-03-19T12:00:00,2024-12-20T12:00:00
00000000-0000-0000-0000-000000000086,razao_social_2508031935,Eduardo Costa,00000000000134,user5567@example.com,telefone_1220977340,site_3210900800,true,2024-02-21T12:00:00,2024-08-27T12:00:00
00000000-0000-0000-0000-000000000087,razao_social_3310061648,Gustavo Costa,00000000000135,user9991@example.com,,site_1302085548,true,2024-03-02T12:00:00,2024-06-12T12:00:00
00000000-0000-0000-0000-000000000088,razao_social_3134195031,Bruno Oliveira,00000000000136,user1416@example.com,telefone_2705293612,site_1369906445,true,2024-08-09T12:00:00,2024-10-05T12:00:00
00000000-0000-0000-0000-000000000089,razao_social_1204343645,Helena Silva,00000000000137,user9180@example.com,telefone_1543966723,site_629817603,true,2024-11-08T12:00:00,2024-12-29T12:00:00
00000000-0000-0000-0000-00000000008a,razao_social_2731496329,Carlos Silva,00000000000138,user1383@example.com,telefone_3612703638,site_3480844054,true,2024-08-26T12:00:00,2024-12-01T12:00:00
00000000-0000-0000-0000-00000000008b,razao_social_1470263032,Ana Oliveira,00000000000139,user8421@example.com,telefone_1627296656,site_3040119804,true,2024-10-07T12:00:00,2024-10-10T12:00:00
00000000-0000-0000-0000-00000000008c,razao_social_1146502116,Helena Costa,00000000000140,user6956@example.com,telefone_2884306751,site_3937871155,true,2024-09-11T12:00:00,2024-12-24T12:00:00
00000000-0000-0000-0000-00000000008d,razao_social_1402655798,Ana Silva,00000000000141,,telefone_2975044724,site_3238249502,true,2024-06-18T12:00:00,2024-12-26T12:00:00
00000000-0000-0000-0000-00000000008e,razao_social_1054105789,Eduardo Costa,00000000000142,user4600@example.com,telefone_1136815001,site_2355741879,true,2024-03-03T12:00:00,2024-05-21T12:00:00
00000000-0000-0000-0000-00000000008f,razao_social_2526048079,Daniela Souza,00000000000143,,telefone_1915191605,,true,2024-02-23T12:00:00,2024-08-15T12:00:00
00000000-0000-0000-0000-000000000090,razao_social_1331942273,Fernanda Costa,00000000000144,user2930@example.com,telefone_3748009712,site_3737881863,true,2024-03-31T12:00:00,2024-09-30T12:00:00
00000000-0000-0000-0000-000000000091,razao_social_3148865911,Eduardo Lima,00000000000145,user9903@example.com,telefone_3353792116,site_3422066632,true,2024-04-06T12:00:00,2024-08-02T12:00:00
00000000-0000-0000-0000-000000000092,razao_social_3726553025,Ana Souza,00000000000146,user5094@example.com,telefone_608815513,site_4199292540,true,2024-03-07T12:00:00,2024-12-09T12:00:00
00000000-0000-0000-0000-000000000093,razao_social_1385612394,Carlos Santos,00000000000147,user1161@example.com,telefone_3299139528,site_2914577221,true,2024-01-25T12:00:00,2024-09-27T12:00:00
00000000-0000-0000-0000-000000000094,razao_social_345878556,Ana Souza,00000000000148,user6735@example.com,telefone_2265185451,site_3528682892,true,2024-01-23T12:00:00,2024-06-21T12:00:00
00000000-0000-0000-0000-000000000095,razao_social_3417305475,Bruno Silva,00000000000149,user1986@example.com,telefone_3582864055,site_4200802844,true,2024-01-24T12:00:00,2024-05-25T12:00:00
00000000-0000-0000-0000-000000000096,razao_social_1208545010,Bruno Oliveira,00000000000150,user5984@example.com,telefone_1408192040,site_2604524216,true,2024-03-18T12:00:00,2024-04-25T12:00:00
00000000-0000-0000-0000-000000000097,razao_social_1020880267,Daniela Almeida,00000000000151,user9225@example.com,telefone_1634412418,site_885058567,true,2024-01-13T12:00:00,2024-06-09T12:00:00
00000000-0000-0000-0000-000000000098,razao_social_535097999,Eduardo Lima,00000000000152,user9913@example.com,telefone_3240417663,site_1901936145,true,2024-03-10T12:00:00,2024-05-15T12:00:00
00000000-0000-0000-0000-000000000099,razao_social_442040707,Ana Costa,00000000000153,user7069@example.com,,site_2569855743,true,2024-04-18T12:00:00,2024-05-29T12:00:00
00000000-0000-0000-0000-00000000009a,razao_social_992684988,Bruno Silva,00000000000154,user3749@example.com,telefone_3039298895,site_1067059344,true,2024-05-29T12:00:00,2024-12-17T12:00:00
00000000-0000-0000-0000-00000000009b,razao_social_2563318229,Bruno Almeida,00000000000155,user5942@example.com,telefone_1082213209,site_2872415600,true,2024-03-01T12:00:00,2024-12-27T12:00:00
00000000-0000-0000-0000-00000000009c,razao_social_4073855409,Daniela Souza,00000000000156,user1344@example.com,telefone_4030095147,site_2795550297,true,2024-06-27T12:00:00,2024-08-17T12:00:00
00000000-0000-0000-0000-00000000009d,razao_social_3262642026,Fernanda Santos,00000000000157,user0017@example.com,telefone_832901762,site_4025320933,true,2024-09-22T12:00:00,2024-12-04T12:00:00
00000000-0000-0000-0000-00000000009e,razao_social_863268098,Gustavo Lima,00000000000158,user0165@example.com,telefone_2683499885,site_4168419266,true,2024-10-07T12:00:00,2024-10-24T12:00:00
00000000-0000-0000-0000-00000000009f,razao_social_1734730558,Fernanda Costa,00000000000159,user4427@example.com,telefone_2749264719,site_3232372544,true,2024-01-12T12:00:00,2024-04-16T12:00:00
00000000-0000-0000-0000-0000000000a0,razao_social_2055668508,Gustavo Costa,00000000000160,user1818@example.com,telefone_4175273236,site_1688560811,true,2024-02-14T12:00:00,2024-10-18T12:00:00
00000000-0000-0000-0000-0000000000a1,razao_social_3324176245,Eduardo Lima,00000000000161,user6435@example.com,telefone_4248582978,site_1528992878,true,2024-05-19T12:00:00,2024-12-08T12:00:00
00000000-0000-0000-0000-0000000000a2,razao_social_273759322,Bruno Costa,00000000000162,user2611@example.com,telefone_1222415814,site_2031969597,true,2024-03-26T12:00:00,2024-09-02T12:00:00
00000000-0000-0000-0000-0000000000a3,razao_social_1843429714,Gustavo Silva,00000000000163,user5049@example.com,,site_2308983165,true,2024-01-13T12:00:00,2024-01-29T12:00:00
00000000-0000-0000-0000-0000000000a4,razao_social_3725352896,Ana Lima,00000000000164,user3476@example.com,telefone_3653295232,,true,2024-03-03T12:00:00,2024-11-04T12:00:00
00000000-0000-0000-0000-0000000000a5,razao_social_2843431368,Helena Santos,00000000000165,user4561@example.com,telefone_1937147559,site_1592448801,true,2024-04-15T12:00:00,2024-11-15T12:00:00
00000000-0000-0000-0000-0000000000a6,razao_social_2369680972,Gustavo Lima,00000000000166,user8497@example.com,telefone_2587139933,site_2102234212,true,2024-07-31T12:00:00,2024-11-22T12:00:00
00000000-0000-0000-0000-0000000000a7,razao_social_3828564893,Eduardo Almeida,00000000000167,user7393@example.com,telefone_3566503029,site_2079370981,true,2024-09-11T12:00:00,2024-12-06T12:00:00
00000000-0000-0000-0000-0000000000a8,razao_social_4292788060,Gustavo Costa,00000000000168,user1277@example.com,telefone_3021452635,site_446491454,true,2024-01-02T12:00:00,2024-05-01T12:00:00
00000000-0000-0000-0000-0000000000a9,razao_social_3925021808,Bruno Ribeiro,00000000000169,user3148@example.com,,site_1679919475,true,2024-02-24T12:00:00,2024-09-26T12:00:00
00000000-0000-0000-0000-0000000000aa,razao_social_2983458428,Ana Silva,00000000000170,user6297@example.com,telefone_746370929,site_439586536,true,2024-01-08T12:00:00,2024-01-13T12:00:00
00000000-0000-0000-0000-0000000000ab,razao_social_3601840869,Gustavo Ribeiro,00000000000171,user7589@example.com,telefone_175259362,site_3001826027,true,2024-01-07T12:00:00,2024-05-04T12:00:00
00000000-0000-0000-0000-0000000000ac,razao_social_1872243859,Carlos Souza,00000000000172,user7090@example.com,telefone_4162010004,site_354485429,true,2024-06-23T12:00:00,2024-10-12T12:00:00
00000000-0000-0000-0000-0000000000ad,razao_social_2027050555,Bruno Almeida,00000000000173,user6342@example.com,,site_444167114,true,2024-04-19T12:00:00,2024-07-15T12:00:00
00000000-0000-0000-0000-0000000000ae,razao_social_3557960388,Carlos Costa,00000000000174,user7282@example.com,telefone_3502656438,site_1559549770,true,2024-05-04T12:00:00,2024-08-08T12:00:00
00000000-0000-0000-0000-0000000000af,razao_social_365701613,Fernanda Lima,00000000000175,user2064@example.com,telefone_61754372,site_425501183,true,2024-04-14T12:00:00,2024-04-28T12:00:00
00000000-0000-0000-0000-0000000000b0,razao_social_3840457411,Carlos Oliveira,00000000000176,user7940@example.com,telefone_1927871316,site_4163441158,true,2024-09-07T12:00:00,2024-09-12T12:00:00
00000000-0000-0000-0000-0000000000b1,razao_social_2227527621,Ana Lima,00000000000177,user7175@example.com,,,true,2024-03-24T12:00:00,2024-10-16T12:00:00
00000000-0000-0000-0000-0000000000b2,razao_social_738469203,Bruno Lima,00000000000178,user6528@example.com,telefone_1780946256,site_233943467,true,2024-05-30T12:00:00,2024-10-01T12:00:00
00000000-0000-0000-0000-0000000000b3,razao_social_2954149913,Bruno Costa,00000000000179,,telefone_3967389774,site_3053512355,true,2024-06-16T12:00:00,2024-10-03T12:00:00
00000000-0000-0000-0000-0000000000b4,razao_social_554375444,Ana Oliveira,00000000000180,user7125@example.com,telefone_2065166585,,true,2024-03-09T12:00:00,2024-08-25T12:00:00
00000000-0000-0000-0000-0000000000b5,razao_social_1356702202,Bruno Almeida,00000000000181,user5375@example.com,telefone_1306573562,site_1639704673,true,2024-07-11T12:00:00,2024-09-19T12:00:00
00000000-0000-0000-0000-0000000000b6,razao_social_3897274974,Eduardo Lima,00000000000182,,telefone_1798781724,site_2891046792,true,2024-02-14T12:00:00,2024-04-10T12:00:00
00000000-0000-0000-0000-0000000000b7,razao_social_1384408350,Helena Lima,00000000000183,user5849@example.com,telefone_2524602065,site_3550252924,true,2024-06-14T12:00:00,2024-11-18T12:00:00
00000000-0000-0000-0000-0000000000b8,razao_social_3069224620,Ana Santos,00000000000184,user2744@example.com,telefone_43665613,site_38775017,true,2024-04-12T12:00:00,2024-06-04T12:00:00
00000000-0000-0000-0000-0000000000b9,razao_social_864344297,Gustavo Ribeiro,00000000000185,user6232@example.com,telefone_1270959448,site_3186579611,true,2024-04-30T12:00:00,2024-12-03T12:00:00
00000000-0000-0000-0000-0000000000ba,razao_social_3720834931,Ana Oliveira,00000000000186,user6049@example.com,telefone_3243645137,site_3508440669,true,2024-03-25T12:00:00,2024-10-18T12:00:00
00000000-0000-0000-0000-0000000000bb,razao_social_3787592866,Carlos Costa,00000000000187,user8568@example.com,telefone_407238047,site_3759698934,true,2024-05-06T12:00:00,2024-06-16T12:00:00
00000000-0000-0000-0000-0000000000bc,razao_social_65401487,Daniela Souza,00000000000188,user4259@example.com,telefone_3107802977,site_2890558149,true,2024-04-20T12:00:00,2024-05-26T12:00:00
00000000-0000-0000-0000-0000000000bd,razao_social_4250199297,Bruno Costa,00000000000189,,telefone_4282482942,site_3340903645,true,2024-04-03T12:00:00,2024-07-16T12:00:00
00000000-0000-0000-0000-0000000000be,razao_social_2472392664,Gustavo Lima,00000000000190,user4681@example.com,telefone_4203246163,site_3828288075,true,2024-05-20T12:00:00,2024-06-06T12:00:00
00000000-0000-0000-0000-0000000000bf,razao_social_3196076833,Ana Almeida,00000000000191,user1878@example.com,telefone_1314008021,site_3560619976,true,2024-01-10T12:00:00,2024-06-11T12:00:00
00000000-0000-0000-0000-0000000000c0,razao_social_523408814,Gustavo Silva,00000000000192,user5562@example.com,telefone_2893388015,site_1944629321,true,2024-02-07T12:00:00,2024-04-19T12:00:00
00000000-0000-0000-0000-0000000000c1,razao_social_952862609,Fernanda Lima,00000000000193,user9712@example.com,telefone_1684774901,site_1397144695,true,2024-11-26T12:00:00,2024-12-13T12:00:00
00000000-0000-0000-0000-0000000000c2,razao_social_15764164,Ana Souza,00000000000194,user7491@example.com,telefone_3406384117,site_3748191807,true,2024-07-05T12:00:00,2024-08-26T12:00:00
00000000-0000-0000-0000-0000000000c3,razao_social_3209961536,Fernanda Souza,00000000000195,user0061@example.com,telefone_1011801141,site_3265319834,true,2024-06-19T12:00:00,2024-08-22T12:00:00
00000000-0000-0000-0000-0000000000c4,razao_social_2031450672,Gustavo Souza,00000000000196,,telefone_2067584749,site_1186907041,true,2024-04-13T12:00:00,2024-10-17T12:00:00
00000000-0000-0000-0000-0000000000c5,razao_social_970235052,Bruno Almeida,00000000000197,user5625@example.com,telefone_1343904534,site_2571160309,true,2024-05-11T12:00:00,2024-11-13T12:00:00
00000000-0000-0000-0000-0000000000c6,razao_social_3304894563,Fernanda Santos,00000000000198,user3300@example.com,,site_57331550,true,2024-02-21T12:00:00,2024-10-15T12:00:00
00000000-0000-0000-0000-0000000000c7,razao_social_1760570668,Daniela Oliveira,00000000000199,user8308@example.com,telefone_1437205150,site_3781159677,true,2024-05-04T12:00:00,2024-07-25T12:00:00
00000000-0000-0000-0000-0000000000c8,razao_social_1847468780,Carlos Ribeiro,00000000000200,user4405@example.com,telefone_177176358,site_4078462427,true,2024-04-26T12:00:00,2024-10-26T12:00:00
